,0,1,2
0,Centro de Ensino Médio 03 do Gama,-15.859826499999999,-48.0398128
1,CENTRO EDUCACIONAL IRMÃ MARIA REGINA VELANES REGIS,-15.675196,-48.102954399999994
2,CENTRO DE ENSINO FUNDAMENTAL 04 DE SOBRADINHO,-15.6462579,-47.7787698
3,CENTRO DE EDUCAÇÃO INFANTIL 01 DE SOBRADINHO,-15.6601991,-47.8053749
4,CENTRO DE ENSINO FUNDAMENTAL 18 DE CEILÂNDIA,-15.8374069,-48.115587
5,CENTRO DE ENSINO MÉDIO 417 DE SANTA MARIA,-16.0117473,-47.9911199
6,ESCOLA CLASSE 510 DE SAMAMBAIA,-15.932640399999999,-48.1068722
7,Centro de Ensino Fundamental Metropolitana,-15.881564599999999,-47.9748532
8,CENTRO DE ENSINO FUNDAMENTAL 418 DE SANTA MARIA,-16.0143391,-47.986523899999995
9,CENTRO DE ENSINO MÉDIO ELEFANTE BRANCO,-15.8080404,-47.9095042
10,ESCOLA CLASSE 13 DE PLANALTINA,-15.603467499999999,-47.6425105
11,CENTRO DE ENSINO FUNDAMENTAL 05 DE SOBRADINHO,-15.643754,-47.7976627
12,CENTRO DE ENSINO MÉDIO SETOR LESTE,-15.830772999999999,-47.906248999999995
13,CENTRO DE ENSINO FUNDAMENTAL ATHOS BULCÃO,-15.7936245,-47.9417433
14,CENTRO DE ENSINO FUNDAMENTAL 504 DE SAMAMBAIA,-15.882515699999999,-48.0786696
15,CENTRO DE ENSINO FUNDAMENTAL CASEB,-15.810333799999999,-47.9127674
16,CENTRO DE ENSINO FUNDAMENTAL 11 DO GAMA,-16.027825699999998,-48.069366699999996
17,CENTRO EDUCACIONAL CASA GRANDE,-15.767990699999999,-47.8927933
18,CENTRO DE ENSINO MÉDIO 111 DO RECANTO DAS EMAS,-15.9203821,-48.058374099999995
19,CAIC UNESCO,-15.901773299999999,-47.773509499999996
20,ESCOLA CLASSE 218 DE SANTA MARIA,-16.0069444,-47.987777799999996
21,CENTRO DE ENSINO FUNDAMENTAL 14 DE TAGUATINGA,-15.818822299999999,-48.0637762
22,ESCOLA CLASSE 419 DE SAMAMBAIA,-15.872636799999999,-48.075078399999995
23,ESCOLA CLASSE 11 DE PLANALTINA,-15.6033519,-47.6459866
24,ESCOLA CLASSE 28 DE CEILÂNDIA,-16.0069941,-48.082864
25,ESCOLA CLASSE 13 DE CEILÂNDIA,-15.7981871,-48.111641899999995
26,CENTRO DE ENSINO FUNDAMENTAL JATAÍ,-16.0196093,-47.8007201
27,ESCOLA CLASSE 56 DE CEILÂNDIA,-15.832993,-48.1320124
28,CENTRO DE ENSINO MÉDIO TAGUATINGA NORTE,-15.8194033,-48.0663008
29,ESCOLA CLASSE 01 DE TAGUATINGA,-15.835668199999999,-48.062185199999995
30,JARDIM DE INFÂNCIA 404 NORTE,-15.775236099999999,-47.876503
31,ESCOLA CLASSE 27 DE CEILÂNDIA,-15.832993,-48.1320124
32,ESCOLA CLASSE 27 DE TAGUATINGA,-15.862146599999999,-48.000821599999995
33,CENTRO DE ENSINO FUNDAMENTAL 12 DE TAGUATINGA,-15.802872299999999,-48.0729531
34,CENTRO DE EDUCAÇÃO INFANTIL 210 DE SAMAMBAIA,-15.863382199999998,-48.0765258
35,CENTRO DE ENSINO FUNDAMENTAL 04 DE BRASÍLIA,-15.827248399999998,-47.9171653
36,ESCOLA CLASSE 46 DE TAGUATINGA,-15.8466334,-48.1138925
37,Centro de Ensino Fundamental 02 do Paranoá,-15.782624799999999,-47.778712299999995
38,CAIC JÚLIA KUBITSCHEK DE OLIVEIRA,-15.643164299999999,-47.8232998
39,ESCOLA CLASSE 15 DE CEILÂNDIA,-15.7942287,-47.882165799999996
40,ESCOLA CLASSE 302 NORTE,-15.781931499999999,-47.8855508
41,Centro de Ensino Fundamental Telebrasília,-15.87947,-48.005936299999995
42,Caic Assis Chateaubriand,-15.6181392,-47.642063099999994
43,CENTRO DE ENSINO MÉDIO 414 DE SAMAMBAIA,-15.9203821,-48.058374099999995
44,Escola Classe 31 de Ceilândia,-15.832993,-48.1320124
45,ESCOLA CLASSE 16 DE SOBRADINHO,-15.7907614,-48.121140499999996
46,CENTRO EDUCACIONAL 03 DO GUARÁ,-15.8396124,-47.975651799999994
47,JARDIM DE INFÂNCIA 116 DE SANTA MARIA,,
48,ESCOLA CLASSE VARJÃO,-15.7092616,-47.878239699999995
49,CAIC Juscelino Kubitschek,-15.877231199999999,-47.9624968
50,ESCOLA CLASSE CÓRREGO DE SOBRADINHO,-15.7486833,-47.762908599999996
51,CENTRO DE ENSINO MÉDIO SETOR OESTE,-15.8158827,-47.919669
52,ESCOLA CLASSE 01 DO ITAPOÃ,-15.7486833,-47.762908599999996
53,CENTRO DE ENSINO MÉDIO 03 DE TAGUATINGA,-15.859826499999999,-48.0398128
54,ESCOLA CLASSE ETA 44,-15.592808,-47.7296469
55,CENTRO EDUCACIONAL 02 DO GUARÁ,-15.818371299999999,-47.980955699999996
56,CENTRO DE EDUCAÇÃO INFANTIL 02 DE SOBRADINHO,-15.6601991,-47.8053749
57,CAIC SANTA MARIA,-16.008584,-47.997219699999995
58,JARDIM DE INFÂNCIA 312 NORTE,-15.751458699999999,-47.892341099999996
59,CENTRO DE ENSINO FUNDAMENTAL NOSSA SENHORA DE FÁTIMA,-15.813983599999998,-47.9037236
60,CENTRO DE ENSINO FUNDAMENTAL 01 DO PARANOÁ,-15.779475499999998,-47.783225099999996
61,CENTRO DE ENSINO FUNDAMENTAL 602 DO RECANTO DAS EMAS,-15.9155725,-48.0545062
62,JARDIM DE INFÂNCIA VI COMAR,-15.8558776,-47.9082696
63,CENTRO EDUCACIONAL 416 DE SANTA MARIA,-16.016030699999998,-47.993129499999995
64,ESCOLA CLASSE 06 DO CRUZEIRO,-15.794293699999999,-47.9378423
65,CENTRO DE ENSINO FUNDAMENTAL 316 NORTE,-15.739206399999999,-47.8964739
66,Centro de Ensino Fundamental 04 do Gama,-16.027159,-48.056557899999994
67,CENTRO EDUCACIONAL 01 DA ESTRUTURAL,-15.8424138,-47.968551299999994
68,CENTRO DE ENSINO FUNDAMENTAL 30 DE CEILÂNDIA,-15.7856358,-48.1381689
69,CENTRO DE ENSINO FUNDAMENTAL 01 DE SOBRADINHO,-15.657479599999998,-47.7926747
70,CENTRO DE ENSINO MÉDIO AVE BRANCA,-15.836372599999999,-48.0539129
71,Caic Carlos Castello Branco,-16.0128026,-48.0779226
72,CENTRO EDUCACIONAL POMPÍLIO MARQUES DE SOUZA,-15.599045799999999,-47.6829676
73,CENTRO DE ENSINO MÉDIO 01 DO PARANOÁ,-15.686935,-48.1964543
74,JARDIM DE INFÂNCIA 03 DO GAMA,-16.006584999999998,-48.051579
75,ESCOLA CLASSE 18 DE TAGUATINGA,-15.862146599999999,-48.000821599999995
76,Escola Classe 02 do Guará,-15.896268999999998,-48.0495331
77,Centro de Ensino Fundamental 10 do Gama,-16.0138596,-48.0756186
78,ESCOLA CLASSE 42 DE TAGUATINGA,-15.862146599999999,-48.000821599999995
79,CENTRO DE ENSINO FUNDAMENTAL MIGUEL ARCANJO,-15.8927445,-47.781107899999995
80,CENTRO DE ENSINO FUNDAMENTAL 02 DE CEILÂNDIA,-15.794107899999998,-48.139147099999995
81,JARDIM DE INFÂNCIA 304 NORTE,-15.7762845,-47.885775599999995
82,CENTRO EDUCACIONAL DARCY RIBEIRO,-15.762808999999999,-47.783166
83,ESCOLA CLASSE 106 NORTE,-15.7692676,-47.8838687
84,ESCOLA CLASSE CERÂMICA DA BENÇÃO,-15.904449999999999,-47.769410699999995
85,Escola Classe Riacho Fundo,-15.920651699999999,-47.988374199999996
86,Centro Educacional Incra 09,-15.767990699999999,-47.8927933
87,CENTRO DE ENSINO FUNDAMENTAL 13 DE CEILÂNDIA,-15.8490889,-48.117286
88,ESCOLA CLASSE 33 DE CEILÂNDIA,-15.832993,-48.1320124
89,ESCOLA CLASSE 403 DE SAMAMBAIA,-15.8731327,-48.0976195
90,ESCOLA CLASSE 54 DE TAGUATINGA,-15.853662799999999,-48.047996999999995
91,CENTRO DE ENSINO FUNDAMENTAL 101 DO RECANTO DAS EMAS,-15.9002152,-48.0573467
92,CENTRO DE ENSINO FUNDAMENTAL 04 DE CEILÂNDIA,-15.8284218,-48.0948031
93,CENTRO DE ENSINO FUNDAMENTAL 308 DE SANTA MARIA,-16.0271407,-48.0220427
94,ESCOLA CLASSE 10 DE SOBRADINHO,-15.6588265,-47.797031999999994
95,CENTRO DE ENSINO FUNDAMENTAL 407 DE SAMAMBAIA,-15.8749887,-48.1035891
96,CENTRO EDUCACIONAL 02 DE SOBRADINHO,-15.6482592,-47.7861884
97,CENTRO DE ENSINO FUNDAMENTAL 33 DE CEILÂNDIA,-15.840016499999999,-48.1192505
98,ESCOLA CLASSE 10 DE TAGUATINGA,-15.850055099999999,-48.047798799999995
99,CENTRO DE ENSINO MÉDIO 404 DE SANTA MARIA,-16.0343926,-48.026586099999996
100,Centro Educacional 04 de Taguatinga,-15.795520699999999,-48.057606799999995
101,CENTRO EDUCACIONAL 07 DE CEILÂNDIA,-15.8120579,-48.1184957
102,Escola Classe 05 de  Brazlândia,-15.7404768,-48.1702519
103,Escola Classe Ipê,-15.920651699999999,-47.988374199999996
104,Escola Classe 19 de Ceilândia,-15.808787299999999,-47.907199899999995
105,Escola Classe 09 de Brazlândia,-15.7404768,-48.1702519
106,CENTRO DE ENSINO FUNDAMENTAL 03 DE TAGUATINGA,-15.840233999999999,-48.049004
107,ESCOLA CLASSE 40 DE CEILÂNDIA,-15.832993,-48.1320124
108,ESCOLA CLASSE SÍTIO DAS ARAUCÁRIAS,-15.6978846,-47.7429919
109,CENTRO DE ENSINO FUNDAMENTAL 01 DO CRUZEIRO,-15.784847999999998,-47.9367205
110,ESCOLA CLASSE 303 DE SÃO SEBASTIÃO,-15.9035272,-47.7819396
111,ESCOLA CLASSE 803 DO RECANTO DAS EMAS,-15.923342,-48.054217799999996
112,Escola Classe INCRA 06,-15.768212799999999,-47.891628
113,CENTRO EDUCACIONAL 07 DO GAMA,-16.0202193,-48.065065499999996
114,ESCOLA CLASSE 09 DO GAMA,-16.0290106,-48.073826499999996
115,CENTRO EDUCACIONAL 11 DE CEILÂNDIA,-15.8228279,-48.125116899999995
116,Centro de Ensino Médio 02 de Ceilândia,,
117,ESCOLA CLASSE 02 DO ITAPOÃ,-15.7486833,-47.762908599999996
118,CENTRO DE ENSINO MÉDIO EIT,-15.8328805,-48.0585636
119,CENTRO DE ENSINO FUNDAMENTAL POLIVALENTE,-15.819545,-47.922876599999995
120,CENTRO DE ENSINO FUNDAMENTAL 410 NORTE,-15.7551598,-47.881409999999995
121,CENTRO DE ENSINO MÉDIO 01 DE SOBRADINHO,-15.686935,-48.1964543
122,CENTRO DE ENSINO FUNDAMENTAL 412 DE SAMAMBAIA,-15.8571852,-48.0751347
123,ESCOLA CLASSE PONTE ALTA DE CIMA,-16.0475274,-48.147044199999996
124,CENTRO DE EDUCAÇÃO INFANTIL 01 DE BRASÍLIA,-15.751893899999999,-47.87948
125,CENTRO EDUCACIONAL MYRIAM ERVILHA,-15.767990699999999,-47.8927933
126,Escola Classe 38 de Ceilândia,-15.832993,-48.1320124
127,CENTRO DE ENSINO FUNDAMENTAL 09 DE TAGUATINGA,-15.8426212,-48.0496805
128,ESCOLA CLASSE 317 DE SAMAMBAIA,-15.8908911,-48.111039
129,ESCOLA CLASSE 425 DE SAMAMBAIA,-15.793808599999998,-47.891028399999996
130,ESCOLA CLASSE 10 DE PLANALTINA,-15.6026472,-47.6537061
131,ESCOLA CLASSE 13 DE SOBRADINHO,-15.6405462,-47.824731799999995
132,ESCOLA CLASSE 08 DO GUARÁ,-15.8304514,-47.9271531
133,CENTRO DE ENSINO FUNDAMENTAL 01 DE BRASÍLIA,-15.812975199999999,-47.8975102
134,ESCOLA CLASSE 104 DE SÃO SEBASTIÃO,-15.8958642,-47.782615199999995
135,ESCOLA CLASSE 52 DE CEILÂNDIA,-15.832993,-48.1320124
136,ESCOLA CLASSE AGROVILA SÃO SEBASTIÃO,-15.910745299999999,-47.7587921
137,ESCOLA BILINGUE LIBRAS E PORTUGUÊS ESCRITO DE TAGUATINGA,-15.8021613,-48.0767978
138,CENTRO DE ENSINO FUNDAMENTAL 35 DE CEILÂNDIA,-15.818059,-48.112088799999995
139,ESCOLA CLASSE 15 DO GAMA,-15.7942287,-47.882165799999996
140,CENTRO DE ENSINO FUNDAMENTAL 01 DE PLANALTINA,-15.622448799999999,-47.6533216
141,CENTRO DE ENSINO FUNDAMENTAL GAN,-15.776306,-47.873476
142,CENTRO DE ENSINO FUNDAMENTAL 02 DE PLANALTINA,-15.6219284,-47.656856999999995
143,CENTRO DE ENSINO FUNDAMENTAL 120 DE SAMAMBAIA,-15.869552899999999,-48.059372499999995
144,CENTRO DE ENSINO FUNDAMENTAL NOVA BETÂNIA,-15.949872999999998,-47.7920915
145,CENTRO DE ENSINO FUNDAMENTAL 301 DO RECANTO DAS EMAS,-15.9099626,-48.084798799999994
146,Centro Educacional Stella dos Cherubins Guimarães Trois,-15.6306525,-47.659735399999995
147,CENTRO DE ENSINO FUNDAMENTAL 316 DE SANTA MARIA,-16.0114224,-47.9948822
148,CENTRO EDUCACIONAL SÃO BARTOLOMEU,-15.893950799999999,-47.7789317
149,CENTRO DE ENSINO MÉDIO 01 DO GAMA,-16.018587699999998,-48.0546052
150,ESCOLA CLASSE 22 DE CEILÂNDIA,-15.832967499999999,-48.103835499999995
151,ESCOLA CLASSE 01 DO ARAPOANGA,-15.833675699999999,-48.091914599999996
152,Centro de Ensino Fundamental 01 de Brazlândia,-15.666803,-48.2010418
153,ESCOLA CLASSE 65 DE CEILÂNDIA,-15.832993,-48.1320124
154,Escola Classe INCRA 07,-15.768212799999999,-47.891628
155,ESCOLA CLASSE 26 DE CEILÂNDIA,-15.8125792,-48.114277799999996
156,CENTRO DE ENSINO FUNDAMENTAL 27 DE CEILÂNDIA,-15.8055217,-48.1511484
157,CENTRO EDUCACIONAL FERCAL,-15.767990699999999,-47.8927933
158,ESCOLA CLASSE 05 DO CRUZEIRO,-15.7985873,-47.9435137
159,ESCOLA CLASSE 501 DE SAMAMBAIA,-15.872636799999999,-48.075078399999995
160,CENTRO DE ENSINO FUNDAMENTAL PROFA. MARIA DO ROSÁRIO GONDIM,,
161,Centro Educacional 01 do Riacho Fundo II,-15.948740899999999,-48.032564199999996
162,ESCOLA CLASSE 03 DO PARANOÁ,-15.7648798,-47.7796302
163,CENTRO DE ENSINO FUNDAMENTAL 106 DO RECANTO DAS EMAS,-15.9055094,-48.0814671
164,CENTRO DE ENSINO FUNDAMENTAL 10 DE TAGUATINGA,-15.8567457,-48.0414952
165,Centro de Ensino Fundamental 26 de Ceilândia,-15.7863364,-48.1260933
166,Escola Classe 15 de Planaltina,-15.6186893,-47.6853215
167,CAIC PROFESSOR WALTER JOSÉ DE MOURA,-15.8624604,-48.0269012
168,CAIC SANTA PAULINA,-15.7781896,-47.7844848
169,CAIC ALBERT SABIN,-16.0302904,-48.028944499999994
170,CENTRO DE ENSINO FUNDAMENTAL 01 DO PLANALTO,-15.7950062,-47.8488483
171,CENTRO DE ENSINO FUNDAMENTAL 03 DE BRASÍLIA,-15.840233999999999,-48.049004
172,ESCOLA CLASSE 325 DE SAMAMBAIA,-15.872636799999999,-48.075078399999995
173,CENTRO EDUCACIONAL VÁRZEAS,-15.820667799999999,-47.5698976
174,CENTRO DE ENSINO FUNDAMENTAL 404 DE SAMAMBAIA,-15.918893299999999,-48.097255499999996
175,Centro de Ensino Médio 02 do Gama,-15.9203821,-48.058374099999995
176,ESCOLA CLASSE 305 SUL,-15.8078472,-47.8984595
177,ESCOLA CLASSE 02 DO ARAPOANGA,-15.896268999999998,-48.0495331
178,Centro Educacional 619 de Samambaia,-15.8791668,-48.1222474
179,CENTRO DE ENSINO FUNDAMENTAL 03 DE SOBRADINHO,-15.650522599999999,-47.7992195
180,ESCOLA CLASSE 831 DE SAMAMBAIA,-15.8880561,-48.1479192
181,Centro de Ensino Fundamental 24 de Ceilândia,-15.804227599999999,-48.1433914
182,CENTRO DE ENSINO FUNDAMENTAL 07 DE SOBRADINHO,-15.643270699999999,-47.8246845
183,CENTRO DE ENSINO FUNDAMENTAL 801 DO RECANTO DAS EMAS,-15.9187088,-48.052030699999996
184,ESCOLA CLASSE 08 DO CRUZEIRO,-15.7985873,-47.9435137
185,Centro de Ensino Fundamental Vendinha,-15.7560387,-47.878983899999994
186,ESCOLA CLASSE 01 DE CEILÂNDIA,-15.833675699999999,-48.091914599999996
187,CENTRO EDUCACIONAL GESNER TEIXEIRA,-15.767990699999999,-47.8927933
188,ESCOLA CLASSE 11 DE TAGUATINGA,-15.8679157,-48.015921399999996
189,CENTRO DE ENSINO FUNDAMENTAL CERÂMICA SÃO PAULO,-15.8876856,-47.7790092
190,CENTRO DE ENSINO FUNDAMENTAL RIO PRETO,-15.7633797,-47.4928811
191,CENTRO DE ENSINO FUNDAMENTAL 03 DO GAMA,-16.0108376,-48.0506816
192,ESCOLA CLASSE 20 DE CEILÂNDIA,-15.832993,-48.1320124
193,CENTRO DE ENSINO MÉDIO 03 DE CEILÂNDIA,-15.859826499999999,-48.0398128
194,CENTRO EDUCACIONAL 04 DE SOBRADINHO,-15.6465266,-47.8261999
195,ESCOLA CLASSE 59 DE CEILÂNDIA,-15.8305133,-48.107762
196,CENTRO EDUCACIONAL 06 DE TAGUATINGA,-15.831306,-48.0786107
197,CENTRO EDUCACIONAL 104 DO RECANTO DAS EMAS,-15.9007186,-48.071086799999996
198,ESCOLA CLASSE 304 NORTE,-15.776155,-47.886257799999996
199,CENTRO DE ENSINO FUNDAMENTAL SÃO JOSÉ,-15.912716399999999,-47.7591459
200,Centro de Ensino Médio 01 do Núcleo Bandeirante,-15.8767245,-47.9764148
201,ESCOLA CLASSE 05 DE SOBRADINHO,-15.640237099999998,-47.802141
202,ESCOLA CLASSE 07 DO GAMA,-15.980700599999999,-48.0720708
203,ESCOLA CLASSE MONJOLO,-15.5377456,-47.686299999999996
204,Centro Educacional INCRA 08,-15.7423405,-48.1701005
205,ESCOLA CLASSE 01 SHI - SUL,-15.833675699999999,-48.091914599999996
206,Centro de Ensino Fundamental 14 de Ceilândia,-15.8471786,-48.1242257
207,ESCOLA CLASSE 108 DE SAMAMBAIA,-15.872636799999999,-48.075078399999995
208,Escola Classe 05 do Paranoá,-15.7667158,-47.7763929
209,Jardim de Infância 01 do Riacho Fundo II,-15.9019528,-48.044801899999996
210,CENTRO DE ENSINO FUNDAMENTAL 08 DE TAGUATINGA,-15.817627199999999,-48.0585702
211,CENTRO EDUCACIONAL 06 DO GAMA,-16.022063199999998,-48.052433
212,ESCOLA CLASSE 304 SUL,-15.8063603,-47.895029199999996
213,ESCOLA CLASSE 215 DE SANTA MARIA,-16.0065174,-47.998977599999996
214,ESCOLA CLASSE 55 DE CEILÂNDIA,-15.832993,-48.1320124
215,CENTRO DE ENSINO FUNDAMENTAL 802 DO RECANTO DAS EMAS,-15.923503799999999,-48.0511761
216,CENTRO EDUCACIONAL 310 DE SANTA MARIA,-16.0238028,-48.0163917
217,CENTRO DE ENSINO FUNDAMENTAL 16 DE CEILÂNDIA,-15.8032332,-48.1087616
218,ESCOLA CLASSE 01 DO GAMA,-15.833675699999999,-48.091914599999996
219,CENTRO DE EDUCAÇÃO INFANTIL 01 DO PARANOÁ,-15.751893899999999,-47.87948
220,CENTRO DE ENSINO MÉDIO 01 DE SÃO SEBASTIÃO,-15.901537399999999,-47.779440199999996
221,CENTRO DE ENSINO MÉDIO 04 DE CEILÂNDIA,,
222,ESCOLA CLASSE 401 DO RECANTO DAS EMAS,-15.9129796,-48.0616257
223,CENTRO EDUCACIONAL DO PAD/DF,-15.767990699999999,-47.8927933
224,ESCOLA CLASSE 15 DE SOBRADINHO,-15.6521163,-47.8083321
225,CENTRO DE EDUCAÇÃO INFANTIL 203 DE SANTA MARIA,-16.0371916,-48.033599099999996
226,Centro de Ensino Fundamental Boa Esperança,-15.827760999999999,-48.246451199999996
227,CENTRO DE ENSINO FUNDAMENTAL QUEIMA LENÇOL,-15.589077999999999,-47.8431637
228,CENTRO DE ENSINO MÉDIO 804 DO RECANTO DAS EMAS,-15.9204449,-48.057876099999994
229,ESCOLA CLASSE CAPÃO SECO,-15.963185,-47.5572965
230,CENTRO DE EDUCAÇÃO INFANTIL 01 DA ESTRUTURAL,-15.751893899999999,-47.87948
231,CENTRO DE ENSINO FUNDAMENTAL 08 DE PLANALTINA,-15.621329399999999,-47.645480899999995
232,CENTRO DE ENSINO FUNDAMENTAL 213 DE SANTA MARIA,-16.0081915,-48.0029185
233,ESCOLA CLASSE 46 DE CEILÂNDIA,-15.8466334,-48.1138925
234,Centro de Ensino Fundamental 04 de Planaltina,-15.622708399999999,-47.651840299999996
235,ESCOLA CLASSE BOA VISTA,-15.5888736,-47.921943899999995
236,ESCOLA CLASSE 05 DO GUARÁ,-15.8202544,-47.9809984
237,CENTRO DE ENSINO FUNDAMENTAL 02 DA ESTRUTURAL,-15.7864448,-47.9899931
238,ESCOLA CLASSE 08 DE CEILÂNDIA,-15.832993,-48.1320124
239,ESCOLA CLASSE BELA VISTA,-15.9137563,-47.7545091
240,CENTRO DE EDUCAÇÃO INFANTIL 310 DO RECANTO DAS EMAS,-15.8998236,-48.053597599999996
241,Centro de Ensino Fundamental 32 de Ceilândia,-15.856933699999999,-48.1163725
242,Centro Educacional 01 do Guará,-15.818371299999999,-47.980955699999996
243,Centro de Educação Infantil 01 de Ceilândia,-15.751893899999999,-47.87948
244,JARDIM DE INFÂNCIA 108 SUL,-15.817213599999999,-47.9042313
245,ESCOLA CLASSE 53 DE TAGUATINGA,-15.862146599999999,-48.000821599999995
246,CENTRO DE ENSINO FUNDAMENTAL 34 DE CEILÂNDIA,-15.7942837,-48.1387869
247,CAIC HELENA REIS,-15.8770285,-48.1056549
248,ESCOLA CLASSE 318 DE SAMAMBAIA,-15.872636799999999,-48.075078399999995
249,CENTRO DE ENSINO MÉDIO 02 DE PLANALTINA,-15.6217068,-47.653621099999995
250,Centro de Educação Infantil da Candangolândia,-15.8998236,-48.053597599999996
251,CENTRO DE ENSINO FUNDAMENTAL 05 DE BRASÍLIA,-15.823402699999999,-47.8997077
252,ESCOLA CLASSE REINO DAS FLORES,-15.693197199999998,-47.6024403
253,CENTRO DE ENSINO FUNDAMENTAL 19 DE CEILÂNDIA,-15.826642699999999,-48.1148312
254,ESCOLA CLASSE 05 DE PLANALTINA,-15.631333999999999,-47.654219999999995
255,ESCOLA CLASSE 45 DE CEILÂNDIA,-15.842157499999999,-48.1174738
256,CAIC AYRTON SENNA,-15.8901127,-48.1120574
257,ESCOLA CLASSE 21 DO GAMA,-15.980700599999999,-48.0720708
258,CENTRO DE ENSINO FUNDAMENTAL BONSUCESSO,-15.505641599999999,-47.5852943
259,ESCOLA CLASSE NATUREZA,-15.7524416,-47.7148903
260,CENTRO DE ENSINO FUNDAMENTAL 20 DE CEILÂNDIA,-15.801374699999998,-48.1164914
261,ESCOLA CLASSE 411 NORTE,-15.752824599999999,-47.8820537
262,ESCOLA CLASSE 04 DO CRUZEIRO,-15.7730278,-47.776685699999994
263,CENTRO DE ENSINO FUNDAMENTAL 02 DO GUARÁ,-15.8158398,-47.9780995
264,ESCOLA CLASSE VILA NOVA,-15.910745299999999,-47.7587921
265,CENTRO DE ENSINO MÉDIO 09 DE CEILÂNDIA,-15.7915332,-48.1242418
266,ESCOLA CLASSE 19 DO GAMA,-16.0081093,-48.0789025
267,CENTRO EDUCACIONAL DO LAGO,-15.8397974,-47.8765329
268,Escola Classe 02 da Estrutural,-15.7911761,-48.0247396
269,CENTRO DE ENSINO FUNDAMENTAL SANTOS DUMONT,-15.9931954,-47.9973525
270,ESCOLA CLASSE 17 DE CEILÂNDIA,-15.7973878,-48.1229617
271,CENTRO DE ENSINO FUNDAMENTAL 08 DE SOBRADINHO,-15.639508699999999,-47.8282992
272,CENTRO EDUCACIONAL DO LAGO NORTE,-15.7178811,-47.8789176
273,CENTRO DE ENSINO FUNDAMENTAL 31 DE CEILÂNDIA,-15.798705799999999,-48.1346591
274,CENTRO DE ENSINO FUNDAMENTAL 19 DE TAGUATINGA,-15.820573099999999,-48.0791968
275,CENTRO DE ENSINO FUNDAMENTAL 12 DE CEILÂNDIA,-15.7962315,-48.1194998
276,Centro de Ensino Médio 10 de Ceilândia,-15.9203821,-48.058374099999995
277,ESCOLA CLASSE ENGENHO VELHO,-15.601687,-47.869391
278,ESCOLA CLASSE 01 DA VILA ESTRUTURAL,,
279,ESCOLA CLASSE 316 SUL,-15.8304514,-47.9271531
280,CENTRO DE ENSINO FUNDAMENTAL 10 DE CEILÂNDIA,-15.8054385,-48.124953999999995
281,ESCOLA CLASSE 12 DE CEILÂNDIA,-15.7821702,-47.9863603
282,ESCOLA CLASSE SANTOS DUMONT,-15.6787125,-47.6482543
283,Centro de Ensino Fundamental 10 do Guará,-15.851039199999999,-47.962737999999995
284,CENTRO DE ENSINO FUNDAMENTAL 206 DO RECANTO DAS EMAS,-15.906128299999999,-48.0689801
285,CENTRO DE ENSINO FUNDAMENTAL 01 DO GAMA,-16.018587699999998,-48.0546052
286,Centro de Ensino Fundamental 05 do Paranoá,-15.779475499999998,-47.783225099999996
287,ESCOLA CLASSE 206 SUL,-15.816173,-47.896805
288,CENTRO DE ENSINO FUNDAMENTAL 03 DE PLANALTINA,-15.615751999999999,-47.6409038
289,ESCOLA CLASSE ESTÂNCIA DE PLANALTINA,-15.605904299999999,-47.6700936
290,Escola Classe 01 do Riacho Fundo II,-15.896268999999998,-48.0495331
291,Centro de Ensino Médio 304 de Samambaia,-15.879465199999999,-48.0792697
292,Centro de Educação Infantil do Riacho Fundo II,-15.8998236,-48.053597599999996
293,Escola Classe Café sem Troco,-15.919444499999999,-47.6059036
294,CENTRO DE ENSINO FUNDAMENTAL 15 DO GAMA,-16.034771199999998,-48.0624715
295,ESCOLA CLASSE 403 NORTE,-15.777477,-47.875831
296,ESCOLA CLASSE 510 DO RECANTO DAS EMAS,-15.932640399999999,-48.1068722
297,CENTRO DE ENSINO FUNDAMENTAL SARGENTO LIMA,-15.9812043,-47.9748696
298,ESCOLA CLASSE 34 DE CEILÂNDIA,-15.832993,-48.1320124
299,CENTRO EDUCACIONAL OSÓRIO BACCHIN,-15.5268269,-47.6304425
300,ESCOLA CLASSE 111 DE SAMAMBAIA,-15.872636799999999,-48.075078399999995
301,Centro de Ensino Fundamental 25 de Ceilândia,-15.8150506,-48.1281226
302,Jardim de Infância 05 do Gama,-16.0155669,-48.0784635
303,CENTRO DE ENSINO FUNDAMENTAL 16 DE TAGUATINGA,-15.8250458,-48.0911147
304,ESCOLA CLASSE 01 DO PARANOÁ,-15.833675699999999,-48.091914599999996
305,ESCOLA CLASSE 02 DO GAMA,-16.0081093,-48.0789025
306,Centro de Ensino Fundamental 01 do Riacho Fundo II,-15.902014699999999,-48.048192
307,JARDIM DE INFÂNCIA 603 DO RECANTO DAS EMAS,-15.917890799999999,-48.0574067
308,ESCOLA CLASSE 405 NORTE,-15.909063399999999,-48.065032599999995
309,ESCOLA CLASSE DO SRIA,-15.768212799999999,-47.891628
310,ESCOLA CLASSE 01 DE SOBRADINHO,-15.649670599999999,-47.799071999999995
311,CENTRO DE EDUCAÇÃO INFANTIL 03 DE SOBRADINHO,,
312,CENTRO DE ENSINO FUNDAMENTAL 28 DE CEILÂNDIA,-15.8108831,-48.139934
313,CENTRO EDUCACIONAL SÃO JOSÉ,-15.912716399999999,-47.7591459
314,Centro de Ensino Fundamental Doutora Zilda Arns,-15.7390441,-47.762176499999995
315,ESCOLA CLASSE 36 DE CEILÂNDIA,-15.8466334,-48.1138925
316,CENTRO DE ENSINO FUNDAMENTAL 11 DE TAGUATINGA,-15.8089094,-48.0632246
317,Centro de Ensino Fundamental 01 do Guará,-15.812587299999999,-47.988253099999994
318,ESCOLA CLASSE 121 DE SAMAMBAIA,-15.872636799999999,-48.075078399999995
319,CENTRO EDUCACIONAL 02 DO CRUZEIRO,-15.7966115,-47.9384612
320,Centro de  Atenção Integral a Criança Bernardo Sayão,-16.008584,-47.997219699999995
321,CENTRO EDUCACIONAL 05 DE TAGUATINGA,-15.767990699999999,-47.8927933
322,ESCOLA CLASSE 06 DE PLANALTINA,-15.627565599999999,-47.6467214
323,ESCOLA CLASSE 03 DE PLANALTINA,-15.6150597,-47.6461598
324,ESCOLA CLASSE 18 DO GAMA,-16.0331997,-48.0613473
325,Centro Educacional Vargem Bonita,-15.767990699999999,-47.8927933
326,ESCOLA CLASSE 39 DE CEILÂNDIA,-15.832993,-48.1320124
327,ESCOLA CLASSE LAMARÃO,-15.9652458,-47.501005899999996
328,ESCOLA CLASSE 50 DE CEILÂNDIA,-15.842652099999999,-48.1283339
329,ESCOLA CLASSE 308 SUL,-15.8136358,-47.9052876
330,ESCOLA CLASSE CÓRREGO BARREIRO,-15.982901499999999,-48.116814
331,Escola Classe 06 do Paranoá,-15.757671499999999,-47.7834158
332,CENTRO DE ENSINO FUNDAMENTAL 209 DE SANTA MARIA,-16.0117473,-47.9911199
333,ESCOLA CLASSE VILA BURITIS,-15.6016826,-47.8674908
334,CENTRO EDUCACIONAL TAQUARA,-15.6321923,-47.5210394
335,ESCOLA CLASSE 16 DE TAGUATINGA,-15.7907614,-48.121140499999996
336,CAIC Professor  Benedito Carlos de Oliveira,-15.6769977,-48.2032514
337,ESCOLA CLASSE 410 DE SAMAMBAIA,-15.872636799999999,-48.075078399999995
338,CENTRO DE ENSINO FUNDAMENTAL 17 DE TAGUATINGA,-15.7967912,-48.102581
339,ESCOLA CLASSE 04 DE SOBRADINHO,-15.645724399999999,-47.7773142
340,ESCOLA CLASSE 18 DE CEILÂNDIA,-15.832993,-48.1320124
341,ESCOLA CLASSE 64 DE CEILÂNDIA,-15.832993,-48.1320124
342,ESCOLA CLASSE CÓRREGO DO MEIO,-15.5062704,-47.6181908
343,ESCOLA CLASSE 115 NORTE,-15.741085,-47.892722
344,CENTRO DE EDUCAÇÃO INFANTIL 304 DO RECANTO DAS EMAS,-15.9140982,-48.0933152
345,Centro de Ensino Fundamental 07 de Ceilândia,-15.830455599999999,-48.099382
346,ESCOLA CLASSE 02 DE CEILÂNDIA,-15.7897191,-48.1333446
347,CENTRO DE EDUCAÇÃO INFANTIL ÁGUAS CLARAS,-15.8706418,-48.0150345
348,Centro de Ensino Fundamental 02 de Brazlândia,-15.6718234,-48.1943999
349,ESCOLA CLASSE VILA DO BOA,-15.877830699999999,-47.7910852
350,ESCOLA CLASSE 12 DO GAMA,-16.0103016,-48.0652346
351,CENTRO EDUCACIONAL DONA AMÉRICA GUIMARÃES,-15.639922599999998,-47.629140299999996
352,CENTRO EDUCACIONAL 03 DE PLANALTINA,-15.6031599,-47.6502737
353,ESCOLA CLASSE PARANÁ,-15.615046399999999,-47.6453199
354,ESCOLA CLASSE 02 DE VICENTE PIRES,-15.803227499999998,-48.0175522
355,Escola Classe  01 DE Brazlândia,-15.833675699999999,-48.091914599999996
356,CENTRO DE ENSINO FUNDAMENTAL VILA AREAL,-15.8599204,-48.025022799999995
357,ESCOLA CLASSE 113 NORTE,-15.747250999999999,-47.890633
358,ESCOLA CLASSE 16 DE PLANALTINA,-15.7907614,-48.121140499999996
359,ESCOLA CLASSE 22 DO GAMA,-16.0233825,-48.0667432
360,ESCOLA CLASSE ESTÂNCIA DO PIPIRIPAU,-15.6097874,-47.563891
361,ESCOLA CLASSE 06 DO GAMA,-16.0117677,-48.072975899999996
362,Centro de Atenção Integral a Criança Professor Anísio Teixeira,-16.008584,-47.997219699999995
363,Escola Classe 02 do Riacho Fundo II,-15.896268999999998,-48.0495331
364,Centro de Ensino Fundamental 03 do Paranoá,-15.7648798,-47.7796302
365,CENTRO EDUCACIONAL 04 DO GUARÁ,-15.8207928,-47.9749024
366,CENTRO DE ENSINO MÉDIO PAULO FREIRE,-15.7560387,-47.878983899999994
367,Escola Classe 03 de Ceilândia,-15.832993,-48.1320124
368,ESCOLA CLASSE AGUILHADA,-15.9393677,-47.7601641
369,ESCOLA CLASSE 512 DE SAMAMBAIA,-15.872636799999999,-48.075078399999995
370,ESCOLA CLASSE 415 DE SAMAMBAIA,-15.872636799999999,-48.075078399999995
371,ESCOLA CLASSE 03 DO GUARÁ,-15.8304514,-47.9271531
372,ESCOLA CLASSE 06 DO GUARÁ,-15.8202544,-47.9809984
373,ESCOLA CLASSE 15 DE TAGUATINGA,-15.7942287,-47.882165799999996
374,ESCOLA CLASSE 07 DO GUARÁ,-15.8304514,-47.9271531
375,Jardim de Infância 06 do Gama,-16.007471799999998,-48.0504362
376,Escola Classe 04 do Núcleo Bandeirante,-15.920651699999999,-47.988374199999996
377,CENTRO DE EDUCAÇÃO INFANTIL 01 DE SÃO SEBASTIÃO,-15.900419999999999,-47.776302199999996
378,CENTRO DE ENSINO FUNDAMENTAL CERÂMICAS REUNIDAS DOM BOSCO,-15.5731831,-47.386000499999994
379,ESCOLA CLASSE 11 DE CEILÂNDIA,-15.832993,-48.1320124
380,Escola Classe 03 de Brazlândia,-15.666324,-48.1970992
381,ESCOLA CLASSE 10 DE CEILÂNDIA,-15.801094399999998,-48.1399404
382,ESCOLA CLASSE 16 DO GAMA,-16.0206978,-48.0820952
383,CENTRO DE ENSINO FUNDAMENTAL 15 DE TAGUATINGA,-15.834818599999998,-48.0544199
384,CENTRO DE ENSINO FUNDAMENTAL 103 DE SANTA MARIA,-16.037072,-48.037340699999994
385,CENTRO DE ENSINO FUNDAMENTAL 403 DE SANTA MARIA,-16.0379054,-48.026740499999995
386,ESCOLA CLASSE 62 DE CEILÂNDIA,-15.832993,-48.1320124
387,Centro Educacional 02 de Brazlândia,-15.681275999999999,-48.1978264
388,CENTRO DE ENSINO FUNDAMENTAL 507 DE SAMAMBAIA,-15.8899905,-48.0975749
389,CENTRO DE ENSINO FUNDAMENTAL PIPIRIPAU II,-15.5348966,-47.5119949
390,Centro de Ensino Fundamental 01 do Núcleo Bandeirante,-15.8767245,-47.9764148
391,ESCOLA CLASSE 415 NORTE,-15.740013999999999,-47.886421
392,ESCOLA CLASSE 35 DE CEILÂNDIA,-15.832993,-48.1320124
393,Escola Classe Kanegae,-15.8847008,-47.9899239
394,Centro de Ensino Fundamental 02 do Riacho Fundo II,,
395,Centro Educacional 308 do Recanto das Emas,-15.923555799999999,-48.1014574
396,CENTRO DE ENSINO FUNDAMENTAL 07 DE BRASÍLIA,-15.755181199999999,-47.8987771
397,CENTRO DE ENSINO MÉDIO ASA NORTE - CEAN,-15.766226999999999,-47.875149
398,CENTRO DE ENSINO FUNDAMENTAL 01 DO LAGO NORTE,-15.7335091,-47.873247899999996
399,CENTRO DE ENSINO FUNDAMENTAL 08 DO GAMA,-16.037039099999998,-48.0613099
400,Escola Classe 04 de Planaltina,-15.621300999999999,-47.646524899999996
401,ESCOLA CLASSE 04 DO PARANOÁ,-15.7730278,-47.776685699999994
402,ESCOLA CLASSE 43 DE CEILÂNDIA,-15.832993,-48.1320124
403,ESCOLA CLASSE 29 DE CEILÂNDIA,-15.832993,-48.1320124
404,ESCOLA CLASSE RAJADINHA,-15.753766299999999,-47.6508039
405,JARDIM DE INFÂNCIA 208 SUL,-15.820855,-47.901579999999996
406,ESCOLA CLASSE 25 DE CEILÂNDIA,-15.832993,-48.1320124
407,CENTRO DE ENSINO MÉDIO 12 DE CEILÂNDIA,-15.8100334,-48.130143399999994
408,ESCOLA CLASSE 511 DE SAMAMBAIA,-15.932894,-48.1075534
409,ESCOLA CLASSE 06 DE TAGUATINGA,-15.8107986,-48.1107869
410,ESCOLA CLASSE 29 DO GAMA,-15.980700599999999,-48.0720708
411,ESCOLA CLASSE 102 DO RECANTO DAS EMAS,-15.9019202,-48.0614503
412,Centro de Educação Infantil 01 do Riacho Fundo I,-15.883317199999999,-48.0175172
413,CENTRO DE ENSINO FUNDAMENTAL 102 NORTE,-15.781417099999999,-47.883028599999996
414,Centro de Ensino Médio 02 de Brazlândia,-15.9203821,-48.058374099999995
415,ESCOLA CLASSE 14 DE SOBRADINHO,-15.6438268,-47.816476099999996
416,CENTRO DE EDUCAÇÃO INFANTIL 05 DE TAGUATINGA,-15.815456099999999,-48.081438999999996
417,CENTRO DE ENSINO FUNDAMENTAL 115 DO RECANTO DAS EMAS,-15.9256025,-48.1076373
418,ESCOLA CLASSE 21 DE CEILÂNDIA,-15.832993,-48.1320124
419,Escola Classe 03 do Núcleo Bandeirante,-15.920651699999999,-47.988374199999996
420,Escola Classe 66 de Ceilândia,-15.8182127,-48.153405299999996
421,CENTRO EDUCACIONAL PROFESSOR CARLOS RAMOS MOTA,-15.767990699999999,-47.8927933
422,Centro de Ensino Fundamental 05 de Taguatinga,-15.8593969,-48.0463234
423,ESCOLA CLASSE 604 DE SAMAMBAIA,-15.872636799999999,-48.075078399999995
424,Escola Classe Verde do Riacho Fundo I,-15.883317199999999,-48.0175172
425,CENTRO DE ENSINO FUNDAMENTAL 05 DO GAMA,-16.0155669,-48.0784635
426,ESCOLA CLASSE GRANJA DO TORTO,-16.0069941,-48.082864
427,CENTRO EDUCACIONAL 08 DO GAMA,-16.025565099999998,-48.074092199999996
428,ESCOLA CLASSE VALE DO SOL,-15.654595299999999,-47.651421899999995
429,CENTRO DE ENSINO FUNDAMENTAL 05 DO GUARÁ,-15.843361,-47.973594999999996
430,ESCOLA CLASSE 01 DE PLANALTINA,-15.6258333,-47.655088899999996
431,Escola Classe 05 do Núcleo Bandeirante,-15.920651699999999,-47.988374199999996
432,CENTRO DE ENSINO FUNDAMENTAL 04 DO GUARÁ,-15.8184086,-47.9878601
433,ESCOLA CLASSE 114 SUL,-15.827886399999999,-47.9197807
434,ESCOLA CLASSE 410 SUL,-15.8267303,-47.9049708
435,ESCOLA CLASSE 312 NORTE,-15.7522127,-47.8928764
436,CENTRO EDUCACIONAL 123 DE SAMAMBAIA,-15.893777,-48.1227625
437,CENTRO DE ENSINO FUNDAMENTAL DO BOSQUE,-15.9053639,-47.7565691
438,ESCOLA CLASSE 431 DE SAMAMBAIA,-15.872636799999999,-48.075078399999995
439,ESCOLA CLASSE 203 DE SANTA MARIA,-16.037134,-48.0333482
440,CENTRO DE ENSINO FUNDAMENTAL JUSCELINO KUBITSCHEK,-15.6011796,-47.688026099999995
441,Centro de Ensino Médio 01 do Riacho Fundo I,-15.888113299999999,-48.0141078
442,CENTRO EDUCACIONAL ENGENHO DAS LAJES,-16.0436221,-48.254291699999996
443,CENTRO DE EDUCAÇÃO INFANTIL 03 DE TAGUATINGA,-15.8998236,-48.053597599999996
444,CENTRO DE EDUCAÇAO INFANTIL 01 DE PLANALTINA,-15.619638,-47.682903599999996
445,ESCOLA CLASSE 28 DO GAMA,-16.0069941,-48.082864
446,ESCOLA CLASSE 41 DE TAGUATINGA,-15.862146599999999,-48.000821599999995
447,ESCOLA CLASSE DO SETOR P NORTE,-15.8466334,-48.1138925
448,Escola Classe 203 do Recanto das Emas,-15.9044636,-48.0650252
449,CENTRO DE ENSINO FUNDAMENTAL 06 DE BRASÍLIA,-15.8559199,-47.8774203
450,CENTRO EDUCACIONAL 07 DE TAGUATINGA,-15.8046577,-48.100261499999995
451,Centro Educacional 06 de Ceilândia,-15.8443764,-48.1157547
452,CENTRO EDUCACIONAL GISNO,-15.769188799999998,-47.8947266
453,Centro de Ensino Fundamental 03 de Brazlândia,-15.840233999999999,-48.049004
454,ESCOLA CLASSE SUSSUARANA,-15.768212799999999,-47.891628
455,CENTRO DE EDUCAÇÃO INFANTIL 02 DE TAGUATINGA,-15.8998236,-48.053597599999996
456,CENTRO DE EDUCAÇÃO INFANTIL 307 DE SAMAMBAIA,-15.8998236,-48.053597599999996
457,CENTRO DE ENSINO FUNDAMENTAL 312 DE SAMAMBAIA,-15.8767096,-48.0685931
458,ESCOLA CLASSE 14 DE PLANALTINA,-15.6138511,-47.632059999999996
459,ESCOLA CLASSE 12 DE SOBRADINHO,-15.660134,-47.8081099
460,CENTRO DE EDUCAÇÃO INFANTIL 06 DE TAGUATINGA,-15.8998236,-48.053597599999996
461,CENTRO EDUCACIONAL 01 DE PLANALTINA,-15.619638,-47.682903599999996
462,ESCOLA CLASSE 314 SUL,-15.826650599999999,-47.9218058
463,Centro de Educação Infantil 01 do Gama,-15.751893899999999,-47.87948
464,ESCOLA CLASSE 708 NORTE,-15.768212799999999,-47.891628
465,JARDIM DE INFÂNCIA 102 SUL,-15.8039194,-47.889781899999996
466,CENTRO DE ENSINO FUNDAMENTAL 306 DO RECANTO DAS EMAS,-15.918893299999999,-48.097255499999996
467,ESCOLA CLASSE 413 SUL,-15.831223399999999,-47.9129186
468,Escola Classe 16 de Ceilândia,-15.7907614,-48.121140499999996
469,ESCOLA CLASSE 108 SUL,-15.8169439,-47.902981499999996
470,CENTRO EDUCACIONAL 01 DO CRUZEIRO,-15.7848128,-47.9363761
471,Escola Classe 06 de Ceilândia,-15.8107986,-48.1107869
472,CENTRO DE ENSINO FUNDAMENTAL 306 NORTE,-15.7708938,-47.8868918
473,ESCOLA CLASSE ALTA - MIR,-15.768212799999999,-47.891628
474,CENTRO DE ENSINO FUNDAMENTAL 11 DE CEILÂNDIA,-15.8403242,-48.1046431
475,CENTRO EDUCACIONAL 03 DE SOBRADINHO,-15.8396124,-47.975651799999994
476,ESCOLA CLASSE 100 DE SANTA MARIA,-16.0427092,-48.0384111
477,ESCOLA CLASSE 11 DE SOBRADINHO,-15.645510999999999,-47.788675
478,Centro Educacional 04 de Brazlândia,-15.663803699999999,-48.1949908
479,ESCOLA CLASSE 17 DE SOBRADINHO,-15.6234521,-47.847358
480,ESCOLA CLASSE 09 DE PLANALTINA,-15.6105278,-47.6448854
481,Escola Classe 01 INCRA 08,-15.7404768,-48.1702519
482,Escola Classe Agrovila II,-15.910745299999999,-47.7587921
483,CENTRO DE ENSINO FUNDAMENTAL 519 DE SAMAMBAIA,-15.896996,-48.1154206
484,Centro de Ensino Médio Júlia Kubitschek,-15.853104,-47.946152
485,ESCOLA CLASSE 206 DE SANTA MARIA,-16.0263255,-48.0303506
486,ESCOLA CLASSE COLÔNIA AGRÍCOLA VICENTE PIRES,-15.813069299999999,-48.0146741
487,ESCOLA CLASSE 614 DE SAMAMBAIA,-15.872636799999999,-48.075078399999995
488,CENTRO DE EDUCAÇÃO INFANTIL 04 DE SOBRADINHO,-15.6538027,-47.799236199999996
489,CENTRO EDUCACIONAL 14 DE CEILÂNDIA,-15.793829899999999,-48.1295599
490,Centro de Educação Infantil 01 de Brazlândia,-15.751893899999999,-47.87948
491,CENTRO DE ENSINO FUNDAMENTAL 21 DE TAGUATINGA,-15.822849,-48.0831407
492,JARDIM DE INFÂNCIA 305 SUL,-15.808470699999999,-47.8986701
493,Centro Educacional 02 do Riacho Fundo,-15.8836564,-48.020004199999995
494,Centro Educacional Agrourbano Ipê do Riacho Fundo,-15.947403999999999,-48.0148197
495,ESCOLA CLASSE LOBEIRAL,-15.5898392,-47.8421509
496,CENTRO EDUCACIONAL 15 DE CEILÂNDIA,-15.798172899999999,-48.1370996
497,ESCOLA CLASSE 08 DE TAGUATINGA,-15.8012003,-48.0656159
498,CENTRO DE ENSINO FUNDAMENTAL 104 NORTE,-15.774932,-47.883821999999995
499,ESCOLA CLASSE 102 SUL,-15.8032141,-47.890298699999995
500,CENTRO EDUCACIONAL VALE DO AMANHECER,-15.7975154,-47.891887399999995
501,JARDIM DE INFÂNCIA 314 SUL,-15.826182699999999,-47.9225479
502,Centro de Educação Infantil do Núcleo Bandeirante,-15.869985999999999,-47.9709182
503,ESCOLA CLASSE DOM BOSCO,-15.800622899999999,-47.894741499999995
504,ESCOLA CLASSE PÓLO AGRÍCOLA DA TORRE,-15.626798399999998,-48.1199563
505,Escola Classe Chapadinha,-15.679506199999999,-48.154826
506,Centro de Ensino Fundamental Tamanduá,-15.939790499999999,-48.1434972
507,ESCOLA CLASSE 12 DE TAGUATINGA,-15.862146599999999,-48.000821599999995
508,ESCOLA CLASSE 404 DO RECANTO DAS EMAS,-15.9129796,-48.0616257
509,Centro de Ensino Fundamental Ponte Alta do Baixo,-16.0252844,-48.1312473
510,ESCOLA CLASSE 17 DE TAGUATINGA,-15.834601,-48.055266599999996
511,CENTRO DE ENSINO FUNDAMENTAL 04 DE TAGUATINGA,-15.822849,-48.0831407
512,ESCOLA CLASSE MORRO DO SANSÃO,-15.6195211,-47.823364299999994
513,JARDIM DE INFÂNCIA 316 SUL,-15.8290317,-47.927093799999994
514,CENTRO DE EDUCAÇÃO INFANTIL 01 DE TAGUATINGA,-15.856182599999999,-48.044540999999995
515,CENTRO DE EDUCAÇÃO INFANTIL 04 DE TAGUATINGA,-15.8267697,-48.057775899999996
516,CENTRO DE EDUCAÇÃO INFANTIL 416/516 DE SANTA MARIA,-15.8998236,-48.053597599999996
517,ESCOLA CLASSE 61 DE CEILÂNDIA,-15.832993,-48.1320124
518,ESCOLA CLASSE 02 DO PARANOÁ,-15.782624799999999,-47.778712299999995
519,CENTRO DE ENSINO FUNDAMENTAL 427 DE SAMAMBAIA,-15.8923939,-48.1385177
520,ESCOLA CLASSE QUEBRADA DOS NÉRIS,-15.825363999999999,-47.923141799999996
521,Escola Classe 02 do Riacho Fundo,-15.896268999999998,-48.0495331
522,CENTRO DE ENSINO FUNDAMENTAL 201 DE SANTA MARIA,-16.0444442,-48.0333348
523,CENTRO DE ENSINO FUNDAMENTAL 113 DO RECANTO DAS EMAS,-15.918179299999998,-48.1025011
524,ESCOLA CLASSE CACHOEIRINHA,-15.9893608,-47.7520173
525,JARDIM DE INFÂNCIA 01 DO CRUZEIRO,-15.784385499999999,-47.9357269
526,ESCOLA CLASSE FRIGORÍFICO INDUSTRIAL,-15.6390751,-47.6331102
527,CENTRO DE ENSINO FUNDAMENTAL 411 DE SAMAMBAIA,-15.8775459,-48.1096473
528,ESCOLA CLASSE ALTO INTERLAGOS,-15.826585699999999,-47.7438919
529,ESCOLA CLASSE 17 DO GAMA,-16.031141899999998,-48.071765899999995
530,ESCOLA CLASSE SONHÉM DE CIMA,-15.507529199999999,-47.8453996
531,ESCOLA CLASSE 50 DE TAGUATINGA,-15.796490599999998,-48.140266399999994
532,ESCOLA CLASSE DO SETOR MILITAR URBANO,-15.7763265,-47.9258398
533,CENTRO DE ENSINO FUNDAMENTAL 02 DE BRASÍLIA,-15.815324799999999,-47.9011813
534,Escola Classe da Vila do Regimento de Cavalaria de Guarda,-15.760133799999998,-47.9536995
535,JARDIM DE INFÂNCIA CASA DA VIVÊNCIA,-15.612260699999998,-47.6503058
536,Centro de Ensino Médio 01 de Brazlândia,-15.686935,-48.1964543
537,ESCOLA CLASSE ARNIQUEIRA,-15.862146599999999,-48.000821599999995
538,ESCOLA CLASSE 10 DO GAMA,-16.0081093,-48.0789025
539,ESCOLA CLASSE 52 DE TAGUATINGA,-15.862146599999999,-48.000821599999995
540,ESCOLA CLASSE 13 DE TAGUATINGA,-15.8679157,-48.015921399999996
541,ESCOLA CLASSE 39 DE TAGUATINGA,-15.862146599999999,-48.000821599999995
542,Centro de Ensino Fundamental 08 do Guará,-15.8276898,-47.978483499999996
543,ESCOLA CLASSE SÃO BARTOLOMEU,-15.9104084,-47.7390684
544,CENTRO DE ENSINO FUNDAMENTAL PONTE ALTA NORTE,-16.025565099999998,-48.074092199999996
545,Escola Classe 06 DE Brazlandia,-15.7404768,-48.1702519
546,JARDIM DE INFÂNCIA 04 DO GAMA,-16.0262282,-48.080449599999994
547,ESCOLA CLASSE APRODARMAS,-15.6641532,-47.6576069
548,JARDIM DE INFÂNCIA 302 NORTE,-15.7820687,-47.8860076
549,CENTRO DE ENSINO FUNDAMENTAL 214 SUL,-15.832181599999998,-47.9182108
550,CENTRO DE ENSINO FUNDAMENTAL JARDIM II DO PARANOÁ,-16.016871899999998,-47.380623799999995
551,ESCOLA CLASSE 45 DE TAGUATINGA,-15.797136,-48.1062241
552,ESCOLA CLASSE 116 DE SANTA MARIA,-16.0024861,-47.9945583
553,CENTRO DE EDUCAÇÃO INFANTIL 03 DE SÃO SEBASTIÃO,-15.903939099999999,-47.7783892
554,Escola Classe Boqueirão,-15.768212799999999,-47.891628
555,CENTRO DE ENSINO FUNDAMENTAL 405 SUL,-15.816320099999999,-47.8922673
556,Centro de Educação Infantil 02 de Brazlândia,-15.658866199999999,-48.1911117
557,Escola Classe 02 da Candangolândia,-15.8304514,-47.9271531
558,ESCOLA CLASSE 07 DE PLANALTINA,-15.6258333,-47.655088899999996
559,JARDIM DE INFÂNCIA 303 SUL,-15.8030426,-47.8938122
560,JARDIM DE INFÂNCIA 02 DO GAMA,-16.014978199999998,-48.070090099999994
561,Centro de Ensino Fundamental 01 da Candangolândia,-15.854163199999999,-47.9545682
562,Escola Classe 07 de Brazlândia,-15.7404768,-48.1702519
563,CENTRO DE ENSINO FUNDAMENTAL ARAPOANGA,-15.640282599999999,-47.6407786
564,ESCOLA CLASSE COPERBRÁS,-15.768212799999999,-47.891628
565,CENTRO EDUCACIONAL SÃO FRANCISCO,-15.914767999999999,-47.763220399999994
566,ESCOLA CLASSE CÓRREGO DO OURO,-15.5132865,-47.922892999999995
567,Escola Classe Bucanhão,-15.768212799999999,-47.891628
568,CENTRO DE EDUCAÇÃO INFANTIL 210 DE SANTA MARIA,-16.021952799999998,-48.019106099999995
569,ESCOLA CLASSE MESTRE D ARMAS,-15.658520399999999,-47.640957199999995
570,CENTRO DE ENSINO FUNDAMENTAL 405 DO RECANTO DAS EMAS,-15.918179299999998,-48.1025011
571,ESCOLA CLASSE JIBÓIA,-15.768212799999999,-47.891628
572,ESCOLA CLASSE 303 DE SAMAMBAIA,-15.872636799999999,-48.075078399999995
573,ESCOLA CLASSE BASEVI,-15.645984799999999,-47.8892702
574,ESCOLA CLASSE CATINGUEIRO,-15.5636063,-47.935344799999996
575,ESCOLA CLASSE 03 DO GAMA,-15.980700599999999,-48.0720708
576,ESCOLA CLASSE 48 DE CEILÂNDIA,-15.832993,-48.1320124
577,ESCOLA CLASSE 47 DE CEILÂNDIA,-15.832993,-48.1320124
578,ESCOLA CLASSE 01 DO PORTO RICO,,
579,ESCOLA CLASSE ITAPETI,-15.768212799999999,-47.891628
580,ESCOLA CLASSE 29 DE TAGUATINGA,-15.862146599999999,-48.000821599999995
581,JARDIM DE INFÂNCIA 106 NORTE,-15.7697585,-47.883359
582,ESCOLA CLASSE ASPALHA,-15.7326178,-47.833901
583,ESCOLA CLASSE RUA DO MATO,-15.6086411,-47.880001199999995
584,ESCOLA CLASSE SOBRADINHO DOS MELOS,-15.7969589,-47.6939469
585,Escola Classe Cariru,-15.906254299999999,-47.5174034
586,ESCOLA CLASSE NÚCLEO RURAL CÓRREGO DO ATOLEIRO,-15.624233299999998,-47.6147955
587,ESCOLA CLASSE VALE VERDE,-15.537835999999999,-47.6529738
588,ESCOLA CLASSE PEDRA FUNDAMENTAL,-15.673921199999999,-47.672427299999995
589,ESCOLA CLASSE LAJES DA JIBÓIA,,
590,CENTRO DE ENSINO FUNDAMENTAL 04 DO PARANOÁ,-15.8184086,-47.9878601
591,CENTRO EDUCACIONAL CONDOMÍNIO ESTÂNCIA III,-15.767990699999999,-47.8927933
592,ESCOLA CLASSE 407 NORTE,-15.7623912,-47.8785007
593,Escola Classe 01 da Candangolândia,-15.8202544,-47.9809984
594,ESCOLA CLASSE 111 SUL,-15.8231243,-47.9120237
595,JARDIM DE INFÂNCIA 114 SUL,-15.8286641,-47.9208133
596,JARDIM DE INFÂNCIA 21 DE ABRIL,-15.810363599999999,-47.906455799999996
597,JARDIM DE INFÂNCIA LÚCIO COSTA,-15.809364899999998,-47.9857228
598,Escola  Classe Almécegas,-15.6100864,-48.197486399999995
599,ESCOLA CLASSE 204 SUL,-15.8117611,-47.8914024
600,CENTRO DE ENSINO FUNDAMENTAL BURITI VERMELHO,-15.898561399999998,-47.4069334
601,ESCOLA CLASSE SANTA HELENA,-15.706586699999999,-47.7989962
602,GRUPO DA FRATERNIDADE CÍCERO PEREIRA,-15.761358,-47.8973608
603,CENTRO DE CONVIVÊNCIA EDUCACIONAL INFANTIL DIVINO ESPÍRITO SANTO,-16.0061796,-48.0819027
604,CENTRO DE EDUCAÇÃO DA PRIMEIRA INFÂNCIA FLOR DE PEQUI,,
605,2 -  Casa da Mãe Preta do Brasil,-15.8658427,-47.9763246
606,CENTRO DE EDUCAÇÃO DA PRIMEIRA INFÃNCIA JASMIM,,
607,ASSOCIAÇÃO  NOSSA SENHORA MÃE DOS HOMENS,,
608,7 -  INAV_Instituto Nair Valadares,-15.9051779,-48.0436325
609,CENTRO DE EDUCAÇÃO DA PRIMEIRA INFÂNCIA SABIÁ - DO - CAMPO,,
610,AFMA - AÇÃO SOCIAL COMUNITÁRIA,-15.85681,-48.0771385
611,Escola Classe 01 do Guará,-15.8202544,-47.9809984
612,ESCOLA CLASSE PALMEIRAS,-15.528400399999999,-47.740955899999996
613,ESCOLA CLASSE 416 SUL,-15.8375407,-47.921709
614,ESCOLA CLASSE 24 DE CEILÂNDIA,-15.832993,-48.1320124
615,ESCOLA CLASSE BROCHADO DA ROCHA,-15.621348999999999,-47.7126349
616,ESCOLA CLASSE RIBEIRÃO,-15.5060364,-47.9665153
617,ESCOLA CLASSE 19 DE TAGUATINGA,-15.808787299999999,-47.907199899999995
618,ESCOLA CLASSE CÓRREGO DO ARROZAL,-15.645508699999999,-47.7350602
619,CENTRO DE EDUCAÇÃO DA PRIMEIRA INFÂNCIA OLHOS D AGUA,,
620,3 - Cantinho de Você_Centro Comunitário de Assistência da Candangolândia,,
621,CENTRO SOCIAL COMUNITÁRIO TIA ANGELINA,-15.711924699999999,-47.8752783
622,ASSOCIAÇÃO BENÉFICA CRISTÃ PROMOTORA DO DESENVOLVIMENTO INTEGRAL- PRODEIN,,
623,CASA DE ISMAEL - LAR DA CRIANÇA,-15.7490942,-47.8997184
624,ESCOLA CLASSE 209 SUL,-15.822988599999999,-47.9050045
625,Escola Classe 08 de Brazlândia,-15.6703593,-48.202047099999994
626,ESCOLA CLASSE JARDIM BOTÂNICO,-15.8743696,-47.8404953
627,JARDIM DE INFÂNCIA 308 SUL,-15.8144028,-47.9062218
628,ESCOLA CLASSE 14 DO GAMA,-15.980700599999999,-48.0720708
629,ESCOLA CLASSE GUARIROBA,-15.861120199999998,-48.1736526
630,Escola Classe Córrego das Corujas,-15.836899899999999,-48.1838018
631,ESCOLA CLASSE BARRA ALTA,-15.848081299999999,-47.457513899999995
632,ESCOLA CLASSE OLHOS D ÁGUA,-15.693155399999998,-47.864079
633,LAR DA CRIANÇA PADRE CÍCERO - UNIDADE 2,-15.7964614,-48.0581762
634,CENTRO DE EDUCAÇÃO DA PRIMEIRA INFÂNCIA CANELA - DE - EMA,,
635,LAR ASSISTENCIAL MARIA DE NAZARÉ - CRECHE LAR DE MARIA,,
636,CENTRO DE EDUCAÇÃO DA PRIMEIRA INFÂNCIA SUCUPIRA,,
637,5 - Éden_Instituto de Educação Haideé Neves,-15.8794537,-48.013963
638,CENTRO DE EDUCAÇÃO DA PRIMEIRA INFÂNCIA JABUTI,,
639,INSTITUTO PAZ E VIDA,-15.7752989,-47.8899416
640,HOTELZINHO SÃO VICENTE DE PAULO,-15.750246599999999,-47.9000427
641,Congregação das Irmãs Oblatas do Menino Jesus,-15.7711905,-47.894258099999995
642,CENTRO COMUNITÁRIO DA CRIANÇA - CEL 1,-15.8132945,-48.103307799999996
643,CENTRO COMUNITÁRIO DA CRIANÇA - MATRIZ,-15.8132945,-48.103307799999996
644,CENTRO COMUNITÁRIO SÃO LUCAS (U1),-15.830469599999999,-48.091021
645,Centro de Educação da Primeira Infância Aroeira,,
646,CENTRO DE EDUCAÇÃO DA PRIMEIRA INFÂNCIA LOBO - GUARÁ,,
647,ASSOCIAÇÃO DOS MORADORES DO PROJETO LÚCIO COSTA,,
648,ASSOCIAÇÃO DE INTEGRAÇÃO SOCIAL DE BRASÍLIA - CRECHE SORRISO DE MARIA,-15.839134699999999,-47.9661185
649,CRECHE RENASCER,-15.779929699999999,-47.9919811
650,INSTITUTO VITÓRIA RÉGIA PARA O DESENVOLVIMENTO HUMANO,-15.6546275,-47.796195
651,Centro de Convivência e Educação Infantil Maria Mãe da Providência,-16.0358867,-48.034583999999995
652,CRECHE PIONEIRA DA VILA PLANALTO,-15.7968751,-47.849937499999996
653,PROJETO SÓCIO EDUCATIVO SANTA LUZIA,-15.880486099999999,-48.073865399999995
654,LAR DA CRIANÇA PADRE CÍCERO - UNIDADE 1-,-15.7964614,-48.0581762
655,CENTRO DE EDUCAÇÃO DA PRIMEIRA INFÂNCIA TAMANDUÁ BANDEIRA,,
656,CRECHE CASA DO PEQUENO POLEGAR,-15.849355599999999,-47.889469399999996
657,CENTRO DE EDUCAÇÃO DA PRIMEIRA INFÂNCIA ANGELINS,,
658,CENTRO DE EDUCAÇÃO DA PRIMEIRA INFÂNCIA SABIÁ - LARANJEIRA,,
659,ASSOCIAÇÃO CAMINHO DE LUZ - AREAL,-15.793314599999999,-47.9288173
660,ASSOCIAÇÃO BENÉFICA CORAÇÃO DE CRISTO,-15.906843199999999,-48.0817536
661,CENTRO DE EDUCAÇÃO DA PRIMEIRA INFÂNCIA ESTRELA DO CERRADO,,
662,1 -  Irmã Elvira_Instituto Integridade Escola,,
663,COMUNIDADE EVANGÉLICA CONF LUTERANA GIRASSOL,-15.7940209,-48.026882699999994
664,CRECHE MAGIA DOS SONHOS,-15.637255199999998,-47.634423399999996
665,CENTRO DE EDUCAÇÃO DA PRIMEIRA INFÂNCIA JATOBÁ,,
666,CENTRO DE EDUCAÇÃO DA PRIMEIRA INFÂNCIA PEQUIZEIRO,,
667,SOCIEDADE SÃO VICENTE PAULO - C FREDERICO OZANAM,,
668,CENTRO DE EDUCAÇÃO DA PRIMEIRA INFÂNCIA FLOR DE LIS,,
669,CENTRO DE EDUCAÇÃO DA PRIMEIRA INFÂNCIA IPÊ AMARELO,-15.806690199999998,-48.1464334
670,CENTRO DE EDUCAÇÃO DA PRIMEIRA INFÂNCIA IPÊ BRANCO,,
671,CENTRO DE EDUCAÇÃO DA PRIMEIRA INFÂNCIA GAVIÃO,,
672,CENTRO DE EDUCAÇÃO DA PRIMEIRA INFÂNCIA JACARANDÁ,,
673,ASSOCIAÇÃO CRUZ DE MALTA - NOSSA SRA DO FILERMO,,
674,SOCIEDADE ESPÍRITA DE AMPARO AO MENOR CASA DO CAMINHO,-15.8143487,-48.0848996
675,ASS. BENEF. EVANG. - CRECHE PR FRANCISCO MIRANDA,,
676,CENTRO DE EDUCAÇÃO DA PRIMEIRA INFÂNCIA JURITI,,
677,CENTRO DE EDUCAÇÃO DA PRIMEIRA INFÂNCIA BEIJA FLOR,,
678,INSTITUTO EDUCACIONAL SÃO JUDAS TADEU,-15.8630704,-47.8615968
679,CENTRO DE EDUCAÇÃO DA PRIMEIRA INFÂNCIA CANÁRIO DA TERRA,,
680,4 -  Cantinho da Paz_Casa Transitória de Brasília - Unidade III,,
681,SOCIEDADE ESPÍRITA DE EDUCAÇÃO - SEMENTE LUZ,,
682,CENTRO DE EDUCAÇÃO DA PRIMEIRA INFÂNCIA IPÊ ROXO,,
683,ASSOCIAÇÃO MARIA DE NAZARÉ,-15.8637652,-48.088258599999996
684,CENTRO DE EDUCAÇÃO DA PRIMEIRA INFÂNCIA CORUJINHA DO CERRADO,,
685,CENTRO DE EDUCAÇÃO DA PRIMEIRA INFÂNCIA ARARAÚNA,,
686,CENTRO DE EDUCAÇÃO DA PRIMEIRA INFÂNCIA ONÇA PINTADA,,
687,CENTRO DE EDUCAÇÃO DA PRIMEIRA INFÂNCIA QUERO QUERO,,
688,CENTRO DE EDUCAÇÃO DA PRIMEIRA INFÂNCIA ARARA CANINDÉ,,
689,CENTRO DE EDUCAÇÃO DA PRIMEIRA INFÂNCIA PAINEIRA,,
690,CENTRO DE EDUCAÇÃO DA PRIMEIRA INFÂNCIA CURIÓ,,
691,CENTRO DE EDUCAÇÃO DA PRIMEIRA INFÃNCIA BURITI,,
692,CENTRO DE EDUCAÇÃO DA PRIMEIRA INFÂNCIA CAPIM - DOURADO,,
693,AÇÃO SOCIAL PAULA FRASSINETTI,-15.758375099999999,-47.9005661
694,CENTRO DE EDUCAÇÃO DA PRIMEIRA INFÂNCIA SEMPRE VIVA,,
695,CENTRO DE EDUCAÇÃO DA PRIMEIRA INFÃNCIA MACAÚBA,,
696,CENTRO DE EDUCAÇÃO DA PRIMEIRA INFÂNCIA JOÃO DE BARRO,,
697,OBRAS ASSISTENCIAIS SÃO SEBASTIÃO - CENTRO DE CONVIVÊNCIA E EDUCAÇÃO INFANTIL SAGRADA FAMÍLIA,,
698,CRECHE ESPIRITA MARIA DE NAZARÉ - CENOL,,
699,ASSOCIAÇÃO CRUZ DE MALTA,-15.7674197,-47.8893272
700,INSTITUTO DE SERVIÇO SOCIAL PAX,-15.7620135,-47.8705078
701,CENTRO DE EDUCAÇÃO DA PRIMEIRA INFÂNCIA JEQUITIBÁ,,
702,CENTRO DE EDUCAÇÃO DA PRIMEIRA INFÂNCIA ANGICO,,
703,CASA DA CRIANÇA PÃO DE SANTO ANTÔNIO,-15.805780799999999,-47.9050918
704,8 - São Lucas_Centro Comunitário São Lucas - Unidade II - Candangolândia,,
705,CENTRO DE EDUCAÇÃO DA PRIMEIRA INFÂNCIA PICA-PAU BRANCO,,
706,OÁSIS- OBRAS ASSISTENCIAIS A INFANCIA E A SOCIEDADE,,
707,6 - Luiz Hermani_Lar das Crianças Luiz Hermani,-15.8858073,-48.0117887
708,CASA DO CANDANGO,-15.811162,-47.883283399999996
709,CENTRO DE EDUCAÇÃO DA PRIMEIRA INFÂNCIA CALIANDRA,,
710,CRECHE SÃO VICENTE DE PAULO,-15.785901899999999,-47.936856
711,CENTRO COMUNITÁRIO DA CRIANÇA - CEL 2,-15.8132945,-48.103307799999996
712,CENTRO DE EDUCAÇÃO DA PRIMEIRA INFÂNCIA IPÊ ROSA,,
713,CENTRO DE EDUCAÇÃO DA PRIMEIRA INFÂNCIA ANDORINHA,,
714,SOCIEDADE DO AMOR EM AÇÃO - ESCOLINHA BEIJA FLOR,-15.8199496,-48.0651344
715,CASA TRANSITÓRIA DE BRASÍLIA - LAR CRIANÇAS - CTB,-15.813904899999999,-48.063562999999995
716,OBRAS ASSISTENCIAIS SÃO SEBASTIÃO - CRECHE NOSSA SRA DO CARMO,,
